{
  "address": "DZQyG4Xsgt8vGvaWEPHyTgzmHYz4V9qrw7eirpBidXU9",
  "metadata": {
    "name": "jackpot_smart_contract",
    "version": "0.1.0",
    "spec": "0.1.0",
    "description": "Created with Anchor"
  },
  "instructions": [
    {
      "name": "claim_reward",
      "discriminator": [
        149,
        95,
        181,
        242,
        94,
        90,
        158,
        162
      ],
      "accounts": [
        {
          "name": "global_config",
          "writable": true,
          "pda": {
            "seeds": [
              {
                "kind": "const",
                "value": [
                  99,
                  111,
                  110,
                  102,
                  105,
                  103
                ]
              }
            ]
          }
        },
        {
          "name": "global_vault",
          "writable": true,
          "pda": {
            "seeds": [
              {
                "kind": "const",
                "value": [
                  103,
                  108,
                  111,
                  98,
                  97,
                  108
                ]
              }
            ]
          }
        },
        {
          "name": "winner",
          "writable": true,
          "signer": true
        },
        {
          "name": "payer",
          "writable": true,
          "signer": true
        },
        {
          "name": "game_ground",
          "writable": true,
          "pda": {
            "seeds": [
              {
                "kind": "const",
                "value": [
                  66,
                  79,
                  78,
                  68,
                  73,
                  78,
                  71,
                  95,
                  67,
                  85,
                  82,
                  86,
                  69
                ]
              },
              {
                "kind": "arg",
                "path": "round_num"
              }
            ]
          }
        },
        {
          "name": "system_program",
          "address": "11111111111111111111111111111111"
        }
      ],
      "args": [
        {
          "name": "round_num",
          "type": "u64"
        }
      ]
    },
    {
      "name": "configure",
      "discriminator": [
        245,
        7,
        108,
        117,
        95,
        196,
        54,
        217
      ],
      "accounts": [
        {
          "name": "payer",
          "writable": true,
          "signer": true
        },
        {
          "name": "config",
          "writable": true,
          "pda": {
            "seeds": [
              {
                "kind": "const",
                "value": [
                  99,
                  111,
                  110,
                  102,
                  105,
                  103
                ]
              }
            ]
          }
        },
        {
          "name": "global_vault",
          "writable": true,
          "pda": {
            "seeds": [
              {
                "kind": "const",
                "value": [
                  103,
                  108,
                  111,
                  98,
                  97,
                  108
                ]
              }
            ]
          }
        },
        {
          "name": "system_program",
          "address": "11111111111111111111111111111111"
        }
      ],
      "args": [
        {
          "name": "new_config",
          "type": {
            "defined": {
              "name": "Config"
            }
          }
        }
      ]
    },
    {
      "name": "create_game",
      "discriminator": [
        124,
        69,
        75,
        66,
        184,
        220,
        72,
        206
      ],
      "accounts": [
        {
          "name": "global_config",
          "writable": true,
          "pda": {
            "seeds": [
              {
                "kind": "const",
                "value": [
                  99,
                  111,
                  110,
                  102,
                  105,
                  103
                ]
              }
            ]
          }
        },
        {
          "name": "global_vault",
          "writable": true,
          "pda": {
            "seeds": [
              {
                "kind": "const",
                "value": [
                  103,
                  108,
                  111,
                  98,
                  97,
                  108
                ]
              }
            ]
          }
        },
        {
          "name": "creator",
          "writable": true,
          "signer": true
        },
        {
          "name": "payer",
          "writable": true,
          "signer": true
        },
        {
          "name": "game_ground",
          "writable": true,
          "pda": {
            "seeds": [
              {
                "kind": "const",
                "value": [
                  66,
                  79,
                  78,
                  68,
                  73,
                  78,
                  71,
                  95,
                  67,
                  85,
                  82,
                  86,
                  69
                ]
              },
              {
                "kind": "account",
                "path": "global_config.game_round",
                "account": "Config"
              }
            ]
          }
        },
        {
          "name": "random",
          "writable": true,
          "pda": {
            "seeds": [
              {
                "kind": "const",
                "value": [
                  111,
                  114,
                  97,
                  111,
                  45,
                  118,
                  114,
                  102,
                  45,
                  114,
                  97,
                  110,
                  100,
                  111,
                  109,
                  110,
                  101,
                  115,
                  115,
                  45,
                  114,
                  101,
                  113,
                  117,
                  101,
                  115,
                  116
                ]
              },
              {
                "kind": "arg",
                "path": "force"
              }
            ],
            "program": {
              "kind": "const",
              "value": [
                7,
                71,
                177,
                26,
                250,
                145,
                180,
                209,
                249,
                34,
                242,
                123,
                14,
                186,
                193,
                218,
                178,
                59,
                33,
                41,
                164,
                190,
                243,
                79,
                50,
                164,
                123,
                88,
                245,
                206,
                252,
                120
              ]
            }
          }
        },
        {
          "name": "treasury",
          "writable": true
        },
        {
          "name": "config",
          "writable": true,
          "pda": {
            "seeds": [
              {
                "kind": "const",
                "value": [
                  111,
                  114,
                  97,
                  111,
                  45,
                  118,
                  114,
                  102,
                  45,
                  110,
                  101,
                  116,
                  119,
                  111,
                  114,
                  107,
                  45,
                  99,
                  111,
                  110,
                  102,
                  105,
                  103,
                  117,
                  114,
                  97,
                  116,
                  105,
                  111,
                  110
                ]
              }
            ],
            "program": {
              "kind": "const",
              "value": [
                7,
                71,
                177,
                26,
                250,
                145,
                180,
                209,
                249,
                34,
                242,
                123,
                14,
                186,
                193,
                218,
                178,
                59,
                33,
                41,
                164,
                190,
                243,
                79,
                50,
                164,
                123,
                88,
                245,
                206,
                252,
                120
              ]
            }
          }
        },
        {
          "name": "vrf",
          "address": "VRFzZoJdhFWL8rkvu87LpKM3RbcVezpMEc6X5GVDr7y"
        },
        {
          "name": "system_program",
          "address": "11111111111111111111111111111111"
        }
      ],
      "args": [
        {
          "name": "force",
          "type": {
            "array": [
              "u8",
              32
            ]
          }
        },
        {
          "name": "round_time",
          "type": "i64"
        },
        {
          "name": "min_deposit_amount",
          "type": "u64"
        },
        {
          "name": "max_joiner_count",
          "type": "u64"
        }
      ]
    },
    {
      "name": "join_game",
      "discriminator": [
        107,
        112,
        18,
        38,
        56,
        173,
        60,
        128
      ],
      "accounts": [
        {
          "name": "global_config",
          "writable": true,
          "pda": {
            "seeds": [
              {
                "kind": "const",
                "value": [
                  99,
                  111,
                  110,
                  102,
                  105,
                  103
                ]
              }
            ]
          }
        },
        {
          "name": "global_vault",
          "writable": true,
          "pda": {
            "seeds": [
              {
                "kind": "const",
                "value": [
                  103,
                  108,
                  111,
                  98,
                  97,
                  108
                ]
              }
            ]
          }
        },
        {
          "name": "team_wallet",
          "writable": true
        },
        {
          "name": "joiner",
          "writable": true,
          "signer": true
        },
        {
          "name": "payer",
          "writable": true,
          "signer": true
        },
        {
          "name": "game_ground",
          "writable": true,
          "pda": {
            "seeds": [
              {
                "kind": "const",
                "value": [
                  66,
                  79,
                  78,
                  68,
                  73,
                  78,
                  71,
                  95,
                  67,
                  85,
                  82,
                  86,
                  69
                ]
              },
              {
                "kind": "arg",
                "path": "round_num"
              }
            ]
          }
        },
        {
          "name": "system_program",
          "address": "11111111111111111111111111111111"
        }
      ],
      "args": [
        {
          "name": "round_num",
          "type": "u64"
        },
        {
          "name": "amount",
          "type": "u64"
        }
      ]
    },
    {
      "name": "set_winner",
      "discriminator": [
        207,
        149,
        39,
        13,
        31,
        233,
        182,
        109
      ],
      "accounts": [
        {
          "name": "global_config",
          "writable": true,
          "pda": {
            "seeds": [
              {
                "kind": "const",
                "value": [
                  99,
                  111,
                  110,
                  102,
                  105,
                  103
                ]
              }
            ]
          }
        },
        {
          "name": "global_vault",
          "writable": true,
          "pda": {
            "seeds": [
              {
                "kind": "const",
                "value": [
                  103,
                  108,
                  111,
                  98,
                  97,
                  108
                ]
              }
            ]
          }
        },
        {
          "name": "creator",
          "writable": true,
          "signer": true
        },
        {
          "name": "game_ground",
          "writable": true,
          "pda": {
            "seeds": [
              {
                "kind": "const",
                "value": [
                  66,
                  79,
                  78,
                  68,
                  73,
                  78,
                  71,
                  95,
                  67,
                  85,
                  82,
                  86,
                  69
                ]
              },
              {
                "kind": "arg",
                "path": "round_num"
              }
            ]
          }
        },
        {
          "name": "random",
          "writable": true
        },
        {
          "name": "system_program",
          "address": "11111111111111111111111111111111"
        }
      ],
      "args": [
        {
          "name": "round_num",
          "type": "u64"
        }
      ]
    }
  ],
  "accounts": [
    {
      "name": "Config",
      "discriminator": [
        155,
        12,
        170,
        224,
        30,
        250,
        204,
        130
      ]
    },
    {
      "name": "GameGround",
      "discriminator": [
        83,
        177,
        70,
        183,
        113,
        223,
        206,
        38
      ]
    },
    {
      "name": "NetworkState",
      "discriminator": [
        212,
        237,
        148,
        56,
        97,
        245,
        51,
        169
      ]
    }
  ],
  "errors": [
    {
      "code": 6000,
      "name": "ValueTooSmall",
      "msg": "ValueTooSmall"
    },
    {
      "code": 6001,
      "name": "ValueTooLarge",
      "msg": "ValueTooLarge"
    },
    {
      "code": 6002,
      "name": "ValueInvalid",
      "msg": "ValueInvalid"
    },
    {
      "code": 6003,
      "name": "IncorrectAuthority",
      "msg": "IncorrectAuthority"
    },
    {
      "code": 6004,
      "name": "IncorrectTeamWalletAuthority",
      "msg": "IncorrectTeamWalletAuthority"
    },
    {
      "code": 6005,
      "name": "IncorrectPayerAuthority",
      "msg": "IncorrectPayerAuthority"
    },
    {
      "code": 6006,
      "name": "IncorrectConfigAccount",
      "msg": "IncorrectConfigAccount"
    },
    {
      "code": 6007,
      "name": "OverflowOrUnderflowOccurred",
      "msg": "Overflow or underflow occured"
    },
    {
      "code": 6008,
      "name": "InvalidAmount",
      "msg": "Amount is invalid"
    },
    {
      "code": 6009,
      "name": "IncorrectTeamWallet",
      "msg": "Incorrect team wallet address"
    },
    {
      "code": 6010,
      "name": "GameAlreadyCompleted",
      "msg": "Can not deposit after the game is completed"
    },
    {
      "code": 6011,
      "name": "SetWinnerCompleted",
      "msg": "Already set winner"
    },
    {
      "code": 6012,
      "name": "GameNotCompleted",
      "msg": "Game is not completed"
    },
    {
      "code": 6013,
      "name": "WinnerClaimed",
      "msg": "Winner already claimed"
    },
    {
      "code": 6014,
      "name": "ReturnAmountTooSmall",
      "msg": "Return amount is too small compared to the minimum received amount"
    },
    {
      "code": 6015,
      "name": "NotInitialized",
      "msg": "Global Not Initialized"
    },
    {
      "code": 6016,
      "name": "InvalidGlobalAuthority",
      "msg": "Invalid Global Authority"
    },
    {
      "code": 6017,
      "name": "InsufficientSol",
      "msg": "Not enough SOL received to be valid."
    },
    {
      "code": 6018,
      "name": "ArithmeticError",
      "msg": "Arithmetic Error"
    },
    {
      "code": 6019,
      "name": "MathOverflow",
      "msg": "Math Overflow"
    },
    {
      "code": 6020,
      "name": "EndTimeError",
      "msg": "End time is error"
    },
    {
      "code": 6021,
      "name": "RoundTimeError",
      "msg": "Round time is error"
    },
    {
      "code": 6022,
      "name": "MinDepositAmountError",
      "msg": "Minimum Deposit Amount is error"
    },
    {
      "code": 6023,
      "name": "MaxJoinerCountError",
      "msg": "Maximum Joiner Count is error"
    },
    {
      "code": 6024,
      "name": "UserCountOverError",
      "msg": "User count exceeds the maximum allowed limit"
    },
    {
      "code": 6025,
      "name": "StillProcessing",
      "msg": "Randomness is still being fulfilled"
    },
    {
      "code": 6026,
      "name": "DepositAmountError",
      "msg": "The deposit amount must be more than the minimum deposit amount."
    },
    {
      "code": 6027,
      "name": "RoundNumberError",
      "msg": "This Round not exist"
    }
  ],
  "types": [
    {
      "name": "Config",
      "type": {
        "kind": "struct",
        "fields": [
          {
            "name": "authority",
            "type": "pubkey"
          },
          {
            "name": "payer_wallet",
            "type": "pubkey"
          },
          {
            "name": "team_wallet",
            "type": "pubkey"
          },
          {
            "name": "game_round",
            "type": "u64"
          },
          {
            "name": "platform_fee",
            "type": "u64"
          },
          {
            "name": "min_deposit_amount",
            "type": "u64"
          },
          {
            "name": "max_joiner_count",
            "type": "u64"
          },
          {
            "name": "initialized",
            "type": "bool"
          }
        ]
      }
    },
    {
      "name": "DepositInfo",
      "type": {
        "kind": "struct",
        "fields": [
          {
            "name": "user",
            "type": "pubkey"
          },
          {
            "name": "amount",
            "type": "u64"
          }
        ]
      }
    },
    {
      "name": "GameGround",
      "type": {
        "kind": "struct",
        "fields": [
          {
            "name": "creator",
            "type": "pubkey"
          },
          {
            "name": "game_round",
            "type": "u64"
          },
          {
            "name": "create_date",
            "type": "i64"
          },
          {
            "name": "start_date",
            "type": "i64"
          },
          {
            "name": "end_date",
            "type": "i64"
          },
          {
            "name": "round_time",
            "type": "i64"
          },
          {
            "name": "total_deposit",
            "type": "u64"
          },
          {
            "name": "rand",
            "type": "u64"
          },
          {
            "name": "winner",
            "type": "pubkey"
          },
          {
            "name": "user_count",
            "type": "u64"
          },
          {
            "name": "min_deposit_amount",
            "type": "u64"
          },
          {
            "name": "max_joiner_count",
            "type": "u64"
          },
          {
            "name": "force",
            "type": {
              "array": [
                "u8",
                32
              ]
            }
          },
          {
            "name": "is_completed",
            "type": "bool"
          },
          {
            "name": "is_claimed",
            "type": "bool"
          },
          {
            "name": "deposit_list",
            "type": {
              "vec": {
                "defined": {
                  "name": "DepositInfo"
                }
              }
            }
          }
        ]
      }
    },
    {
      "name": "NetworkConfiguration",
      "type": {
        "kind": "struct",
        "fields": [
          {
            "name": "authority",
            "type": "pubkey"
          },
          {
            "name": "treasury",
            "type": "pubkey"
          },
          {
            "name": "request_fee",
            "type": "u64"
          },
          {
            "name": "fulfillment_authorities",
            "type": {
              "vec": "pubkey"
            }
          },
          {
            "name": "token_fee_config",
            "type": {
              "option": {
                "defined": {
                  "name": "OraoTokenFeeConfig"
                }
              }
            }
          }
        ]
      }
    },
    {
      "name": "NetworkState",
      "type": {
        "kind": "struct",
        "fields": [
          {
            "name": "config",
            "type": {
              "defined": {
                "name": "NetworkConfiguration"
              }
            }
          },
          {
            "name": "num_received",
            "docs": [
              "Total number of received requests."
            ],
            "type": "u64"
          }
        ]
      }
    },
    {
      "name": "OraoTokenFeeConfig",
      "type": {
        "kind": "struct",
        "fields": [
          {
            "name": "mint",
            "docs": [
              "ORAO token mint address."
            ],
            "type": "pubkey"
          },
          {
            "name": "treasury",
            "docs": [
              "ORAO token treasury account."
            ],
            "type": "pubkey"
          },
          {
            "name": "fee",
            "docs": [
              "Fee in ORAO SPL token smallest units."
            ],
            "type": "u64"
          }
        ]
      }
    }
  ]
}